{
  "c_wd": 0.17381831936104664,
  "g_wd": 0.254441999277237,
  "mld": 1.5887617645349268,
  "c_lr": 0.01,
  "g_lr": 0.01,
  "Nrepeat": 5
}